,url
0,https://www.dallasfed.org/news/speeches/logan/2024/lkl240405
1,https://www.atlantafed.org/news/speeches/2024/02/15/bostic--grateful-but-vigilant
2,https://www.federalreserve.gov/newsevents/speech/cook20240325a.htm
3,https://www.richmondfed.org/press_room/speeches/thomas_i_barkin/2024/barkin_speech_20240404
4,https://www.federalreserve.gov/newsevents/speech/bowman20240215a.htm
5,https://www.federalreserve.gov/newsevents/speech/barr20240216a.htm
6,https://www.federalreserve.gov/newsevents/speech/waller20240215a.htm
7,https://www.atlantafed.org/news/speeches/2024/02/05/bostic--opening-remarks-uneven-outcomes-conference
8,https://www.federalreserve.gov/newsevents/speech/bowman20240227a.htm
9,https://www.newyorkfed.org/newsevents/speeches/2024/wil240411
10,https://www.federalreserve.gov/newsevents/speech/kugler20240207a.htm
11,https://www.clevelandfed.org/collections/speeches/sp-20240229-building-financial-system-resilience
12,https://www.newyorkfed.org/newsevents/speeches/2024/wil240110
13,https://www.federalreserve.gov/newsevents/speech/barr20240117a.htm
14,https://www.federalreserve.gov/newsevents/speech/bowman20240305a.htm
15,https://www.federalreserve.gov/newsevents/speech/bowman20240212a.htm
16,https://www.richmondfed.org/press_room/speeches/thomas_i_barkin/2024/barkin_speech_20240103
17,https://www.federalreserve.gov/newsevents/speech/waller20240222a.htm
18,https://www.federalreserve.gov/mediacenter/files/FOMCpresconf20240131.pdf
19,https://www.federalreserve.gov/newsevents/speech/kugler20240301a.htm
20,https://www.federalreserve.gov/newsevents/speech/bowman20240207a.htm
21,https://www.federalreserve.gov/newsevents/speech/jefferson20240416a.htm
22,https://www.federalreserve.gov/newsevents/speech/kugler20240403a.htm
23,https://www.federalreserve.gov/newsevents/speech/bowman20240108a.htm
24,https://www.federalreserve.gov/newsevents/speech/cook20240401a.htm
25,https://www.federalreserve.gov/newsevents/speech/waller20240116a.htm
26,https://www.federalreserve.gov/newsevents/speech/cook20240222a.htm
27,https://www.federalreserve.gov/newsevents/speech/kugler20240404a.htm
28,https://www.federalreserve.gov/mediacenter/files/FOMCpresconf20240320.pdf
29,https://www.federalreserve.gov/newsevents/speech/bowman20240403a.htm
30,https://www.federalreserve.gov/newsevents/speech/bowman20240202a.htm
31,https://www.federalreserve.gov/newsevents/speech/bowman20240307a.htm
32,https://www.frbsf.org/news-and-media/speeches/mary-c-daly/2024/02/price-stability-built-to-last
33,https://www.atlantafed.org/news/speeches/2024/04/12/bostic--housings-fundamental-role-in-economic-inclusion
34,https://www.dallasfed.org/news/speeches/logan/2024/lkl240106
35,https://www.federalreserve.gov/newsevents/speech/barr20240227a.htm
36,https://www.atlantafed.org/news/speeches/2024/01/18/bostic--arc-of-monetary-policy
37,https://www.dallasfed.org/news/speeches/logan/2024/lkl240301
38,https://www.federalreserve.gov/newsevents/speech/bowman20240402a.htm
39,https://www.federalreserve.gov/newsevents/speech/waller20240301a.htm
40,https://www.federalreserve.gov/newsevents/speech/barr20240214a.htm
41,https://www.richmondfed.org/press_room/speeches/thomas_i_barkin/2024/barkin_speech_20240208
42,https://www.frbsf.org/news-and-media/speeches/mary-c-daly/2024/03/home-truths-changing-the-conversation-on-housing
43,https://www.federalreserve.gov/newsevents/speech/bowman20240405a.htm
44,https://www.newyorkfed.org/newsevents/speeches/2024/wil240228
45,https://www.clevelandfed.org/collections/speeches/sp-20240307-us-economy-and-monetary-policy
46,https://www.clevelandfed.org/collections/speeches/sp-20240206-views-on-the-economy-and-monetary-policy
47,https://www.federalreserve.gov/newsevents/speech/powell20240403a.htm
48,https://www.federalreserve.gov/newsevents/speech/jefferson20240222a.htm
49,https://www.federalreserve.gov/newsevents/speech/bowman20240117a.htm
50,https://www.federalreserve.gov/newsevents/speech/waller20240327a.htm
51,https://www.clevelandfed.org/collections/speeches/sp-20240402-update-on-us-economy-and-monetary-policy
